Metric,DTW 1NN (CV),Euclidean 1NN (CV)
Accuracy,0.885,0.885
Error Rate,0.11499999999999999,0.11499999999999999
